customer_id,age,income,credit_score,missed_payments
1,59,98040,583,5
2,49,143257,748,1
3,35,81558,600,3
4,63,106205,367,1
5,28,26910,306,3
6,41,77713,436,5
7,59,66857,463,2
8,39,54964,382,0
9,43,105667,719,2
10,31,45227,372,0
11,31,25978,536,5
12,44,107527,345,2
13,56,37153,561,2
14,60,79765,475,1
15,44,119084,465,4
16,23,128212,669,5
17,42,59071,353,3
18,22,132990,718,5
19,44,89519,806,3
20,64,29503,640,3
21,50,80703,426,0
22,58,84379,708,3
23,22,115457,666,3
24,41,77866,570,1
25,53,36905,678,2
26,32,65838,372,5
27,42,145200,547,5
28,64,78279,342,3
29,45,109489,676,4
30,47,46806,340,5
31,62,65000,469,3
32,48,42168,511,0
33,36,90119,792,0
34,35,58714,338,0
35,64,74093,668,3
36,23,75419,450,1
37,57,69145,410,4
38,27,125432,779,3
39,41,97425,735,1
40,29,112949,346,1
41,59,97811,665,5
42,38,22461,368,3
43,24,34291,598,3
44,45,66804,595,1
45,34,96971,502,1
46,29,113471,360,1
47,46,84946,613,5
48,22,118989,460,3
49,40,104080,630,1
50,48,141719,827,0
51,27,81332,637,3
52,64,97794,603,5
53,28,50841,802,0
54,55,144447,637,2
55,34,140029,849,3
56,37,68758,574,2
57,56,134726,463,1
58,60,96272,742,5
59,24,57643,618,1
60,22,70408,803,5
61,26,63950,686,4
62,62,76849,793,1
63,24,120500,789,2
64,49,48044,372,5
65,38,125469,808,1
66,46,145588,689,3
67,64,35997,594,5
68,54,99751,668,5
69,30,118605,848,1
70,56,43911,486,4
71,34,75533,744,1
72,51,102566,662,2
73,35,114870,422,2
74,28,34571,487,5
75,34,128255,719,5
76,43,149226,551,1
77,60,114463,848,2
78,41,77941,634,2
79,36,78005,391,4
80,38,106250,829,3
81,44,78712,362,4
82,46,63541,811,0
83,45,43387,438,4
84,61,113980,484,1
85,49,68908,504,3
86,35,105457,513,1
87,21,33057,555,0
88,45,84028,434,3
89,27,130804,387,5
90,29,139246,506,2
91,44,75731,428,4
92,21,44858,302,1
93,64,68689,420,0
94,28,64638,684,2
95,44,111598,337,4
96,31,122386,640,2
97,37,66486,320,4
98,28,40567,541,5
99,55,49739,754,3
100,55,77804,602,2
101,53,128821,368,2
102,25,23754,428,2
103,62,47044,495,3
104,59,87260,439,0
105,61,86912,743,4
106,48,145623,582,5
107,27,28706,611,2
108,29,28894,834,3
109,28,38037,576,0
110,32,103986,360,4
111,54,101942,618,3
112,53,71612,351,5
113,43,49725,452,5
114,44,25926,610,4
115,57,124555,843,2
116,55,29496,688,5
117,64,76447,847,0
118,60,121604,476,3
119,42,49806,661,0
120,47,108199,613,2
121,55,61321,396,0
122,21,142041,512,0
123,55,122031,436,1
124,57,85095,305,0
125,34,42656,408,4
126,23,75147,846,3
127,21,111396,338,1
128,25,69666,724,3
129,46,102368,560,3
130,34,58787,725,2
131,59,133767,386,2
132,47,82946,764,1
133,29,41727,375,5
134,35,128351,770,2
135,35,115081,713,2
136,46,142721,756,2
137,62,130058,584,3
138,33,88056,538,1
139,52,23081,671,3
140,59,54196,794,4
141,52,56735,344,3
142,24,124749,700,4
143,50,100102,546,0
144,57,99578,749,0
145,43,45498,784,4
146,59,96865,317,4
147,35,51656,588,3
148,63,87695,713,4
149,49,57900,534,1
150,56,148392,715,0
151,33,137235,798,0
152,52,104899,414,5
153,27,67701,533,4
154,42,128777,839,2
155,48,39033,310,2
156,22,143193,505,4
157,62,30805,546,1
158,26,55851,426,2
159,48,46832,446,5
160,48,83437,417,4
161,64,135725,681,1
162,64,33944,711,1
163,40,39873,662,3
164,50,60372,808,1
165,31,109464,436,2
166,48,35379,474,2
167,45,137322,588,4
168,59,56751,780,4
169,53,120082,318,1
170,21,109822,494,5
171,47,25110,629,0
172,33,74341,474,3
173,61,32087,748,0
174,23,43762,653,1
175,59,135812,798,1
176,26,102617,440,0
177,28,120483,392,3
178,47,29596,538,0
179,29,123555,504,4
180,57,127539,732,2
181,53,38313,544,5
182,62,133175,616,4
183,64,86549,594,2
184,44,134914,581,5
185,35,43705,316,5
186,52,87364,370,5
187,52,93445,568,1
188,44,123892,624,5
189,61,98645,604,3
190,32,22023,750,0
191,59,139654,306,3
192,22,79796,613,0
193,23,100073,402,4
194,57,112197,492,4
195,37,84429,828,0
196,22,124195,470,3
197,22,81627,836,0
198,48,53848,550,5
199,43,57804,686,1
200,57,35379,506,4
201,52,79664,840,1
202,53,47766,715,5
203,21,129126,679,5
204,39,88099,443,4
205,22,56060,324,4
206,64,114733,372,5
207,46,89122,392,2
208,52,36087,804,1
209,26,68868,635,1
210,52,139119,724,2
211,24,43225,798,3
212,31,115286,663,1
213,37,26643,498,0
214,58,113059,712,5
215,44,56727,638,5
216,25,31005,728,2
217,54,129079,438,1
218,26,85697,841,3
219,42,36029,356,1
220,31,135281,531,5
221,36,34226,734,4
222,53,83646,683,0
223,29,80603,493,2
224,26,48731,833,4
225,36,129458,817,3
226,49,130384,484,4
227,23,88926,591,4
228,40,25997,634,3
229,56,75506,415,4
230,39,98229,348,2
231,46,69815,381,5
232,23,62092,632,1
233,39,82539,634,4
234,40,86077,831,2
235,52,41817,520,1
236,27,57861,622,1
237,61,33428,302,4
238,53,63934,505,2
239,60,135555,339,5
240,59,134367,358,4
241,38,30258,806,3
242,60,77775,421,1
243,21,101580,778,4
244,31,114947,395,1
245,48,25469,713,2
246,45,48854,534,0
247,43,26256,361,4
248,51,144086,555,5
249,50,96256,647,4
250,62,53937,423,1
251,55,119134,781,2
252,27,21651,616,3
253,36,70288,803,5
254,46,104730,347,2
255,22,45051,708,4
256,21,47386,435,3
257,32,95054,500,2
258,25,131562,549,0
259,57,36184,613,5
260,52,53787,667,1
261,29,41621,728,2
262,61,95564,779,2
263,55,97984,613,0
264,39,79792,799,4
265,36,65253,654,5
266,23,54051,784,5
267,40,69811,510,1
268,44,50447,343,2
269,53,148046,840,3
270,44,103930,391,2
271,31,143278,564,1
272,28,120037,519,2
273,56,50254,741,0
274,58,104045,700,2
275,60,136859,699,2
276,40,77418,789,3
277,55,134534,784,0
278,45,34472,769,0
279,55,131193,744,2
280,45,23471,568,5
281,49,127332,566,3
282,38,140312,353,2
283,38,143379,827,2
284,22,115804,819,1
285,55,28329,358,1
286,36,54865,339,5
287,61,66850,536,3
288,56,74220,685,4
289,53,132234,599,1
290,24,113808,694,4
291,53,128381,506,0
292,34,26397,635,1
293,41,117909,813,1
294,40,149004,477,3
295,28,55525,695,5
296,27,73072,670,4
297,23,110106,617,1
298,37,103820,668,1
299,53,104530,683,3
300,32,43284,361,3
301,42,81330,804,5
302,42,103369,538,4
303,50,45122,494,0
304,58,90553,521,5
305,58,101906,360,0
306,28,114788,428,2
307,47,82812,455,1
308,47,27999,677,4
309,54,42436,736,5
310,41,62963,506,1
311,50,22096,687,4
312,53,149940,779,4
313,48,133737,639,4
314,53,45279,639,1
315,25,141092,503,5
316,39,128899,460,3
317,24,134245,839,1
318,55,46201,691,4
319,37,39715,833,5
320,64,49309,369,2
321,48,35078,704,0
322,50,76614,816,4
323,49,25105,419,2
324,26,137666,516,3
325,55,114848,355,4
326,61,22839,665,2
327,57,88920,803,4
328,44,63619,754,1
329,49,62821,403,5
330,51,145736,376,2
331,55,33493,529,5
332,53,37069,557,1
333,41,132443,563,1
334,52,27531,630,5
335,43,57051,481,2
336,53,27736,849,5
337,23,27710,326,5
338,38,87155,575,0
339,45,33975,598,2
340,62,82424,390,0
341,51,65603,779,4
342,23,43252,757,5
343,60,100797,750,4
344,44,21431,664,2
345,52,94603,650,5
346,42,57481,699,4
347,43,112573,552,3
348,22,29557,758,1
349,47,94971,798,5
350,62,123302,807,1
351,22,20162,603,0
352,46,54742,800,4
353,37,39675,465,0
354,60,93997,714,5
355,53,37015,761,1
356,29,70057,413,1
357,63,52591,732,4
358,59,113583,655,5
359,49,146133,506,3
360,62,120318,534,3
361,46,29833,741,4
362,55,27896,654,5
363,45,52972,814,4
364,44,69733,507,5
365,33,140363,424,0
366,27,61800,437,4
367,56,116044,638,5
368,40,25347,836,3
369,21,79063,367,5
370,28,115850,840,5
371,36,22643,682,4
372,34,60785,318,0
373,32,38681,749,0
374,43,70026,373,0
375,35,123864,575,0
376,48,35892,347,2
377,54,67299,510,4
378,22,37073,839,1
379,52,122304,490,4
380,43,50682,614,2
381,42,117798,412,0
382,45,146021,469,2
383,42,116894,767,3
384,42,144302,313,3
385,62,34289,587,4
386,26,135359,488,4
387,35,27927,454,1
388,63,68330,770,1
389,57,86707,374,3
390,53,140279,576,0
391,28,97454,642,2
392,64,127439,724,1
393,64,124646,810,5
394,25,85428,481,1
395,59,70601,757,0
396,24,97465,363,0
397,26,22539,559,4
398,52,122263,492,2
399,50,131487,705,0
400,55,42669,392,1
401,60,90968,729,1
402,36,40644,733,3
403,33,38745,703,0
404,62,140852,733,5
405,50,148081,411,4
406,39,48228,674,2
407,37,138358,358,5
408,39,54521,342,4
409,48,142788,506,1
410,46,117239,595,5
411,57,46928,417,4
412,46,38322,831,1
413,43,77714,521,1
414,29,107896,465,1
415,32,82292,455,1
416,21,49055,483,1
417,21,62891,389,3
418,54,101912,393,5
419,52,26588,312,4
420,45,110536,737,3
421,60,26304,837,3
422,21,27345,449,0
423,36,49300,307,0
424,59,44259,328,0
425,25,111006,595,2
426,42,108553,639,0
427,49,35352,738,4
428,23,149350,443,3
429,32,53365,818,4
430,46,39446,344,5
431,36,22336,538,0
432,57,82032,454,2
433,42,95415,480,5
434,49,117852,514,2
435,34,118876,387,5
436,48,27521,555,3
437,25,91707,810,4
438,50,43481,372,1
439,25,38474,478,4
440,32,66760,511,0
441,36,75718,533,1
442,46,64629,764,2
443,46,65232,522,3
444,41,106544,563,3
445,59,87169,506,2
446,56,147941,665,0
447,53,70669,575,2
448,50,98021,679,5
449,57,129153,608,0
450,43,89184,567,1
451,30,67945,363,2
452,25,33140,649,0
453,56,146468,793,1
454,54,103457,822,2
455,51,34357,397,3
456,30,131672,370,2
457,39,88673,663,4
458,52,141673,575,2
459,21,85633,349,4
460,25,96943,657,1
461,24,116111,784,2
462,36,98258,383,1
463,44,32924,595,1
464,36,89286,535,0
465,22,113269,355,1
466,48,147563,659,1
467,52,94071,409,2
468,47,77326,491,2
469,40,110023,392,3
470,44,140101,359,0
471,32,50651,338,1
472,55,90202,839,0
473,53,68777,348,4
474,53,36994,719,1
475,63,87263,312,0
476,57,79634,335,3
477,32,120158,400,3
478,23,30800,385,1
479,21,57823,815,4
480,53,128575,522,3
481,60,83878,637,3
482,30,38708,465,4
483,63,32819,682,0
484,64,94905,675,3
485,49,83870,770,2
486,33,29283,330,5
487,32,50573,674,5
488,51,98707,310,3
489,22,50933,601,0
490,55,25774,395,0
491,43,92055,489,1
492,37,30983,752,2
493,46,116468,491,0
494,28,116334,785,4
495,49,38133,565,2
496,46,145555,723,5
497,30,34939,427,2
498,46,20781,537,4
499,54,134586,654,3
500,61,76700,411,4
501,27,47624,745,4
502,24,26823,642,3
503,31,38489,444,3
504,49,138555,364,3
505,56,59961,546,3
506,45,139664,789,3
507,41,49118,738,4
508,56,120417,405,1
509,30,101816,480,1
510,57,42263,483,0
511,29,33565,525,1
512,44,40354,388,5
513,55,62951,829,1
514,55,111179,670,4
515,56,43648,698,3
516,38,70729,405,3
517,59,61971,570,4
518,52,38658,802,5
519,44,41253,824,1
520,43,84166,331,4
521,52,68563,692,0
522,57,46390,339,3
523,32,108664,517,2
524,33,71578,381,0
525,43,99025,500,5
526,45,123850,746,0
527,55,52658,727,4
528,61,26852,337,1
529,50,147282,510,3
530,37,114986,743,5
531,40,22551,626,5
532,45,91947,526,2
533,42,81001,347,0
534,33,69159,317,2
535,39,142775,738,1
536,56,71707,486,1
537,32,53243,644,2
538,61,41800,523,3
539,39,95939,787,1
540,32,77828,528,2
541,29,27239,689,0
542,27,26710,487,2
543,48,41384,569,2
544,34,41038,609,4
545,51,60846,431,1
546,39,107983,850,3
547,36,87821,371,3
548,25,57991,486,4
549,55,99057,785,5
550,32,133193,490,3
551,45,26971,721,2
552,41,49139,419,4
553,56,105445,519,0
554,43,97067,352,1
555,36,100257,750,1
556,59,104742,711,1
557,62,57711,536,2
558,59,26530,705,0
559,34,31116,721,4
560,51,85794,546,4
561,25,20282,371,1
562,55,99473,484,0
563,43,21898,305,0
564,49,24135,505,0
565,63,26629,843,3
566,31,129472,686,3
567,38,145147,375,1
568,32,105120,476,0
569,29,139798,648,5
570,30,109087,554,0
571,64,85031,607,4
572,37,53380,644,4
573,58,149951,426,1
574,27,132507,586,5
575,33,37071,786,0
576,60,40074,682,5
577,62,110724,705,1
578,29,87843,687,4
579,47,59901,824,4
580,22,31205,575,3
581,25,75661,799,1
582,49,144661,636,1
583,57,25906,780,0
584,58,22591,572,0
585,39,145576,357,3
586,28,82987,627,2
587,21,83370,408,5
588,42,100685,578,2
589,37,130454,627,2
590,27,125487,614,1
591,45,74400,773,5
592,24,45150,410,1
593,56,51852,528,5
594,26,62870,796,4
595,51,139796,455,1
596,39,72756,772,1
597,64,135357,571,1
598,59,139052,301,3
599,47,76481,810,1
600,30,21283,585,0
601,46,53691,312,0
602,39,21125,797,5
603,59,87065,537,4
604,23,148734,393,3
605,33,46170,637,5
606,48,28438,470,0
607,40,40095,766,3
608,48,36154,442,3
609,28,28004,500,4
610,61,29752,479,3
611,59,75426,663,1
612,21,128896,778,3
613,23,46819,770,4
614,33,122168,683,5
615,48,112051,716,4
616,45,147905,607,4
617,53,44217,666,0
618,58,145949,300,1
619,26,108708,343,0
620,64,52994,397,5
621,52,35036,564,2
622,41,97275,439,5
623,36,117756,780,1
624,41,69416,536,3
625,31,29587,371,4
626,57,130053,489,2
627,56,115665,567,1
628,55,20645,620,0
629,39,50930,406,4
630,40,101835,531,5
631,38,142232,341,0
632,61,50090,438,1
633,34,107489,572,1
634,35,72142,780,5
635,51,131979,715,2
636,21,46475,805,5
637,23,38888,723,3
638,36,63732,706,0
639,43,101623,689,2
640,31,66305,641,4
641,32,66037,792,3
642,30,29346,491,2
643,52,20587,798,0
644,36,32763,532,1
645,28,79165,526,4
646,58,127481,670,5
647,32,89615,438,0
648,44,56116,448,3
649,48,140987,414,3
650,28,105751,749,1
651,48,111353,362,1
652,56,110301,403,4
653,46,115648,572,5
654,28,45556,305,4
655,48,79042,446,1
656,48,38099,483,1
657,57,129089,327,3
658,61,65096,849,1
659,56,91986,418,2
660,47,33230,592,0
661,37,49009,670,1
662,29,90969,543,4
663,53,53866,517,5
664,40,125400,476,5
665,33,104246,598,5
666,48,96975,357,2
667,49,61855,568,4
668,33,101557,607,2
669,55,26416,587,1
670,26,92516,404,0
671,38,75915,527,5
672,25,38058,546,4
673,45,96637,793,5
674,22,60718,382,2
675,30,52602,485,3
676,50,94658,551,1
677,25,98112,654,0
678,53,78067,509,1
679,21,47516,746,3
680,38,149295,759,0
681,52,107969,771,3
682,31,21089,669,1
683,41,57346,791,2
684,46,94663,436,1
685,45,30487,666,1
686,42,20155,483,1
687,47,143950,586,4
688,33,87494,771,3
689,53,96229,674,3
690,54,124648,836,5
691,61,58547,810,3
692,55,48795,549,5
693,21,75296,809,4
694,41,41447,372,2
695,26,56598,581,5
696,48,61814,659,1
697,37,110751,309,2
698,25,145118,510,4
699,51,95330,451,3
700,25,141347,304,5
701,58,118745,494,1
702,23,107960,582,0
703,43,83278,763,0
704,57,75077,412,2
705,57,132782,570,3
706,30,142046,462,0
707,30,122932,759,2
708,39,91906,404,4
709,37,29528,581,2
710,41,113812,461,2
711,34,70100,650,2
712,29,129869,733,1
713,21,28179,439,2
714,33,68781,770,5
715,24,75267,431,2
716,21,102379,386,1
717,60,43952,482,1
718,52,73798,667,4
719,54,118696,428,3
720,48,130434,545,0
721,51,70939,677,0
722,28,49516,448,2
723,59,76526,732,4
724,46,30449,768,2
725,54,70290,745,0
726,23,146688,780,1
727,32,106661,593,3
728,21,92954,442,4
729,64,42746,549,1
730,25,87990,601,3
731,50,78810,324,4
732,50,138362,369,4
733,37,103297,411,0
734,43,35223,663,1
735,35,92237,602,4
736,57,22597,770,5
737,41,85677,390,4
738,34,22659,829,3
739,22,106516,491,0
740,31,94567,541,2
741,59,35037,437,0
742,58,146498,644,2
743,54,66738,479,1
744,58,123965,802,1
745,54,91678,502,4
746,38,32109,491,5
747,50,42010,304,1
748,35,28787,536,4
749,47,128400,610,0
750,54,28472,848,1
751,58,135111,355,0
752,53,43383,742,0
753,44,81709,536,5
754,35,89785,496,1
755,50,133253,813,0
756,62,54518,748,5
757,37,73909,659,5
758,25,38351,329,1
759,49,89624,407,5
760,24,73330,744,1
761,30,142477,737,1
762,37,35282,756,2
763,30,104866,794,0
764,37,127945,546,3
765,40,41778,842,1
766,44,44264,738,0
767,25,79675,577,5
768,54,25075,410,4
769,26,95948,684,1
770,22,68454,490,5
771,33,48365,789,5
772,63,92766,725,5
773,63,68200,704,5
774,31,31002,634,5
775,43,33947,508,1
776,36,99222,321,3
777,51,114840,507,2
778,31,136219,307,5
779,36,98610,828,5
780,28,72142,465,2
781,24,76307,795,1
782,60,24493,728,0
783,24,144023,462,4
784,45,70085,665,4
785,23,54228,825,0
786,52,99676,538,1
787,23,71875,371,4
788,47,51655,744,2
789,49,63472,808,0
790,52,69437,568,3
791,39,69416,714,1
792,41,79711,544,0
793,25,26816,359,4
794,38,97175,305,1
795,48,84307,706,2
796,62,132728,516,1
797,42,66733,325,1
798,41,148202,304,2
799,26,115028,831,5
800,21,136450,689,2
801,25,31240,747,1
802,61,118234,445,2
803,32,112493,687,5
804,46,145149,548,0
805,54,118344,825,2
806,34,91363,761,2
807,46,52762,312,1
808,47,28259,683,0
809,29,70139,698,3
810,46,148775,318,3
811,42,34849,790,4
812,50,101768,718,2
813,63,126108,636,2
814,37,109709,718,0
815,46,74869,421,5
816,56,146888,731,3
817,21,83095,343,4
818,28,137886,616,0
819,55,90910,680,2
820,35,106710,444,3
821,42,43567,626,4
822,34,55292,662,1
823,46,94813,349,3
824,48,117136,364,4
825,43,71631,654,0
826,34,29885,463,1
827,44,79659,440,4
828,22,74306,427,4
829,46,86314,697,2
830,34,85087,762,5
831,27,49165,486,3
832,23,78929,489,2
833,43,87028,687,1
834,63,115998,728,5
835,38,69812,583,4
836,58,70500,536,2
837,55,99151,493,5
838,35,78643,586,3
839,45,64900,435,1
840,57,62946,470,0
841,48,27851,458,2
842,30,36288,500,1
843,59,92692,786,0
844,37,87580,803,2
845,59,27368,670,1
846,42,105436,402,1
847,46,116136,424,5
848,64,66403,612,2
849,45,111170,757,1
850,37,29168,529,4
851,33,106497,496,2
852,40,69879,722,1
853,45,79871,470,5
854,24,129632,681,0
855,30,131623,472,0
856,23,109388,752,4
857,61,118646,649,2
858,38,52174,793,5
859,56,119751,303,1
860,42,112491,392,1
861,54,26581,305,0
862,28,130155,587,5
863,60,91853,445,4
864,64,84046,723,0
865,39,69678,756,0
866,62,128392,501,4
867,61,131250,511,2
868,57,46649,305,1
869,26,147795,675,2
870,46,108668,746,5
871,54,102325,405,3
872,26,34567,700,3
873,57,100404,395,3
874,53,109906,687,4
875,42,128069,751,0
876,41,116019,715,2
877,26,81944,803,1
878,26,138428,753,3
879,24,98002,590,2
880,50,48803,833,3
881,31,38230,492,3
882,50,37862,449,1
883,51,63355,814,5
884,44,51259,692,5
885,29,119075,615,5
886,23,107445,375,4
887,51,50795,569,0
888,60,134604,524,4
889,57,28770,829,2
890,56,31093,412,4
891,44,66571,550,2
892,51,20193,532,2
893,26,120311,382,0
894,22,37569,424,1
895,40,137082,474,0
896,48,31190,368,5
897,31,82824,346,5
898,24,62752,555,4
899,35,52327,329,2
900,26,62070,580,3
901,50,105925,536,3
902,58,60197,547,2
903,22,22261,667,0
904,35,138424,794,1
905,31,113905,324,0
906,28,46512,789,2
907,46,26716,793,2
908,64,106795,613,1
909,25,48933,674,4
910,26,127225,324,4
911,46,24378,633,1
912,24,60583,654,4
913,39,132082,415,3
914,40,105371,347,4
915,53,49033,398,4
916,40,44000,758,4
917,32,131032,822,3
918,21,95868,704,4
919,46,62604,513,5
920,34,88336,802,3
921,58,115074,747,1
922,57,115655,557,0
923,31,93869,420,1
924,56,25410,353,0
925,33,103375,630,1
926,63,76044,540,5
927,23,83315,829,0
928,53,116055,782,0
929,26,91344,486,2
930,30,26796,561,0
931,25,106716,663,0
932,43,74245,790,2
933,30,63056,730,4
934,64,37709,538,4
935,22,139664,603,2
936,33,78557,597,3
937,60,37543,375,0
938,22,57418,632,0
939,40,114611,773,2
940,21,123291,582,2
941,57,133504,371,3
942,29,123001,562,5
943,37,116038,311,4
944,29,36724,440,1
945,31,23828,316,5
946,35,136656,362,4
947,44,37087,552,0
948,58,32605,764,5
949,55,51337,675,2
950,50,25482,819,3
951,51,85333,389,4
952,25,112541,474,3
953,64,108296,375,4
954,34,70952,699,5
955,31,25463,370,0
956,29,132164,479,1
957,54,90448,423,3
958,32,24648,680,3
959,55,53623,592,1
960,55,79156,494,3
961,21,55634,527,3
962,60,64602,730,4
963,42,134598,735,4
964,49,69334,760,1
965,28,88648,320,0
966,31,42054,363,5
967,61,90028,464,5
968,57,42207,326,3
969,34,100650,610,0
970,50,119821,584,1
971,55,101554,580,1
972,41,41386,463,4
973,57,103276,523,3
974,25,79518,445,2
975,39,72781,329,1
976,34,72780,344,3
977,46,81440,770,0
978,24,64199,333,4
979,45,81035,726,5
980,62,28210,520,0
981,45,64363,833,1
982,38,131175,666,1
983,60,98279,849,0
984,28,80348,415,1
985,59,75284,538,3
986,60,127628,634,1
987,34,129835,740,4
988,52,92124,447,3
989,58,88847,308,2
990,53,42432,587,1
991,43,146252,687,1
992,35,84089,349,4
993,53,75398,816,4
994,45,119291,577,5
995,37,23321,599,0
996,53,101348,434,0
997,22,57383,446,0
998,34,133816,789,4
999,60,98682,777,0
1000,60,143053,458,0
1001,59,99190,683,2
1002,26,72893,462,0
1003,26,55820,740,1
1004,23,141262,488,5
1005,27,86262,714,4
1006,28,23760,638,3
1007,62,42190,480,5
1008,35,87411,587,2
1009,49,43377,486,4
1010,53,66737,437,4
1011,50,89569,429,1
1012,59,58211,493,5
1013,47,102909,615,5
1014,56,23744,443,0
1015,49,145566,315,1
1016,58,44995,601,0
1017,53,36977,722,0
1018,57,149508,544,4
1019,47,117938,406,5
1020,53,54542,387,0
1021,24,30651,428,2
1022,42,119239,640,2
1023,22,98931,303,5
1024,30,115344,626,2
1025,25,122112,709,4
1026,30,36715,605,1
1027,53,64409,524,3
1028,58,44306,647,0
1029,33,39086,620,3
1030,51,34376,480,1
1031,56,81350,685,1
1032,44,91425,407,4
1033,35,123358,830,2
1034,49,56636,709,2
1035,28,106120,595,1
1036,25,134889,470,4
1037,49,71649,630,4
1038,24,54610,792,5
1039,32,30058,494,0
1040,22,144876,311,2
1041,47,148265,494,1
1042,51,94637,789,5
1043,56,98033,481,3
1044,56,90194,615,2
1045,46,96917,329,0
1046,63,84200,395,4
1047,47,125848,680,1
1048,25,126022,743,2
1049,40,66619,597,3
1050,31,37154,660,0
1051,30,39539,673,0
1052,60,145381,602,5
1053,58,80058,720,2
1054,26,82068,545,3
1055,28,97313,536,0
1056,43,119932,833,1
1057,46,50373,484,0
1058,63,53154,767,3
1059,32,26031,662,4
1060,46,113533,582,4
1061,33,91975,635,5
1062,60,42785,461,2
1063,38,98928,459,3
1064,45,138696,773,5
1065,53,48669,621,0
1066,60,114475,311,0
1067,63,137154,723,4
1068,32,22282,372,5
1069,64,54624,500,4
1070,56,68438,821,1
1071,24,109900,804,4
1072,25,87534,338,1
1073,57,51705,359,0
1074,28,58244,620,5
1075,62,94964,734,1
1076,48,57437,707,5
1077,51,97872,685,5
1078,29,94878,377,1
1079,49,139006,493,2
1080,34,125368,584,4
1081,60,92982,826,1
1082,61,70583,823,0
1083,42,58392,455,5
1084,31,27461,639,3
1085,43,120123,424,1
1086,21,30516,579,4
1087,57,99285,427,5
1088,41,37514,613,2
1089,46,148657,631,0
1090,56,141251,449,2
1091,43,120962,753,3
1092,21,56268,335,1
1093,60,110486,719,5
1094,35,120424,321,1
1095,41,56788,505,4
1096,29,95749,655,1
1097,29,81049,739,0
1098,30,82493,395,3
1099,46,56027,463,2
1100,61,113547,447,3
1101,55,62849,829,5
1102,45,120127,593,1
1103,46,37858,494,5
1104,31,104162,779,2
1105,58,99003,422,5
1106,22,72395,699,4
1107,27,59758,751,3
1108,38,74312,403,2
1109,47,88670,761,2
1110,54,136758,695,2
1111,47,102279,636,0
1112,37,35434,441,3
1113,63,84047,616,5
1114,64,67775,826,2
1115,44,95769,700,3
1116,45,134682,609,2
1117,27,86677,794,4
1118,26,103555,408,4
1119,44,148379,671,4
1120,53,105920,505,1
1121,49,128439,342,2
1122,63,65734,544,1
1123,42,121665,586,3
1124,46,108503,654,1
1125,48,60603,775,3
1126,41,96708,382,3
1127,27,101926,409,3
1128,37,88803,489,5
1129,40,59332,550,1
1130,61,111703,590,5
1131,40,41312,500,2
1132,42,113376,625,1
1133,48,104526,810,2
1134,60,64179,708,2
1135,27,91442,807,3
1136,21,134332,371,1
1137,52,137961,546,2
1138,33,60379,643,4
1139,50,37297,353,2
1140,43,22011,827,4
1141,39,136130,831,1
1142,52,140234,492,5
1143,50,64014,357,1
1144,49,132094,736,5
1145,49,31738,410,5
1146,50,114333,428,1
1147,36,67498,625,2
1148,60,147792,307,0
1149,39,31120,328,2
1150,38,136517,411,2
1151,21,28767,430,3
1152,34,42852,487,3
1153,22,99239,774,2
1154,48,20929,663,4
1155,50,97487,503,5
1156,58,138387,511,3
1157,24,111575,575,2
1158,21,146155,372,0
1159,28,134149,542,4
1160,49,115040,401,1
1161,59,37438,470,2
1162,23,68515,487,2
1163,52,25744,740,5
1164,30,103820,385,4
1165,30,62417,775,3
1166,39,125284,351,3
1167,54,27069,410,3
1168,53,62359,342,1
1169,43,39799,510,4
1170,48,118746,499,4
1171,52,113762,325,3
1172,27,140906,598,3
1173,49,90188,376,5
1174,28,109859,436,0
1175,21,142521,319,0
1176,23,127674,739,2
1177,44,27597,510,2
1178,43,67093,850,4
1179,28,57226,734,4
1180,57,92127,506,1
1181,23,134650,738,1
1182,53,111369,341,0
1183,48,97362,710,2
1184,28,46417,822,0
1185,54,38693,726,0
1186,55,99674,574,2
1187,52,140956,747,1
1188,44,135598,668,5
1189,34,139028,519,5
1190,52,147517,531,5
1191,63,73161,627,2
1192,36,141316,742,3
1193,24,22169,351,3
1194,57,104092,675,3
1195,41,42052,562,4
1196,34,91849,566,1
1197,51,93851,658,1
1198,38,28036,616,4
1199,27,51778,623,0
1200,30,47734,720,5
1201,27,43173,345,3
1202,53,50403,568,5
1203,43,86321,680,3
1204,41,91675,417,5
1205,39,26344,415,0
1206,39,38800,559,5
1207,56,45372,374,5
1208,49,81516,779,2
1209,38,40538,604,5
1210,22,83918,306,2
1211,21,34973,665,1
1212,25,91155,822,4
1213,40,120240,647,5
1214,31,79500,737,1
1215,62,56575,514,2
1216,22,125455,728,5
1217,23,62261,797,5
1218,43,130659,839,0
1219,32,47716,666,1
1220,40,23236,612,3
1221,25,35848,837,3
1222,57,22352,353,0
1223,58,21932,840,2
1224,50,96449,766,3
1225,29,28556,463,3
1226,54,106836,633,4
1227,64,25498,846,1
1228,55,96118,647,2
1229,42,70098,572,5
1230,64,84386,713,1
1231,44,132169,799,2
1232,37,29569,392,3
1233,30,136127,378,4
1234,50,146060,516,1
1235,43,76882,657,3
1236,52,90393,806,2
1237,37,20340,480,1
1238,37,63949,545,5
1239,34,102302,543,1
1240,29,82443,805,3
1241,60,111668,721,1
1242,22,94027,619,5
1243,45,20138,386,4
1244,59,20358,516,4
1245,29,139619,789,3
1246,42,95250,818,2
1247,63,105376,577,3
1248,24,119931,468,4
1249,46,50654,629,0
1250,49,45879,740,0
1251,54,101532,690,1
1252,43,75778,795,5
1253,57,57772,680,1
1254,31,78478,605,0
1255,26,84353,812,4
1256,38,46762,487,1
1257,41,33283,815,3
1258,62,83922,726,5
1259,56,59420,801,3
1260,61,75568,559,5
1261,58,105090,812,4
1262,54,40219,370,1
1263,37,77169,777,5
1264,57,120455,477,3
1265,45,94965,756,1
1266,58,66840,488,1
1267,32,64695,590,3
1268,43,125209,819,0
1269,62,104754,591,5
1270,42,97988,582,3
1271,41,78342,843,4
1272,47,134516,676,2
1273,51,38951,455,3
1274,26,21307,807,1
1275,47,100388,712,1
1276,60,110768,827,3
1277,54,55428,654,2
1278,32,128707,486,3
1279,27,112021,330,2
1280,30,138418,559,2
1281,37,95774,720,4
1282,46,58975,828,5
1283,41,137850,850,1
1284,48,21140,603,1
1285,22,148865,338,2
1286,63,44842,788,1
1287,21,46421,841,0
1288,56,21708,577,2
1289,46,23630,502,1
1290,49,39595,365,0
1291,41,96021,407,4
1292,31,48308,567,1
1293,60,64789,521,0
1294,31,75690,829,3
1295,56,46086,389,5
1296,59,36859,554,3
1297,60,27684,754,0
1298,55,111088,552,2
1299,54,21207,556,2
1300,44,66099,682,1
1301,42,87496,741,3
1302,25,86093,389,2
1303,53,49689,689,2
1304,56,68651,343,3
1305,40,33893,318,4
1306,39,117808,400,2
1307,55,86418,656,5
1308,63,145074,841,0
1309,37,123065,332,1
1310,63,80011,528,2
1311,54,58635,823,5
1312,29,76115,454,5
1313,46,115071,722,2
1314,22,98405,545,4
1315,29,92702,704,0
1316,29,98518,840,1
1317,60,126233,460,2
1318,37,123651,416,1
1319,21,92805,570,3
1320,45,78954,786,5
1321,63,48064,471,5
1322,60,142813,573,2
1323,62,99063,558,2
1324,45,22454,434,3
1325,59,40878,721,4
1326,55,71098,720,2
1327,23,82154,485,5
1328,57,32991,663,1
1329,64,88344,677,0
1330,64,124946,822,1
1331,50,56593,495,4
1332,58,56304,397,0
1333,54,50386,321,1
1334,32,75220,749,1
1335,39,133613,471,3
1336,57,89338,682,4
1337,64,114289,433,5
1338,37,41083,725,3
1339,30,38354,324,0
1340,32,42190,802,5
1341,36,26142,484,3
1342,44,48398,384,4
1343,39,71971,443,2
1344,28,61862,711,2
1345,51,118668,523,0
1346,41,73410,519,2
1347,37,39503,478,3
1348,43,145438,732,0
1349,57,68456,564,5
1350,36,120167,728,4
1351,26,102035,715,0
1352,28,125388,752,5
1353,45,28016,496,0
1354,38,22384,352,1
1355,45,82320,779,1
1356,32,35072,742,0
1357,35,122239,629,2
1358,46,131431,550,1
1359,61,100018,422,4
1360,46,60510,686,5
1361,52,68933,638,3
1362,30,41826,647,1
1363,36,88026,328,0
1364,27,141668,334,2
1365,37,131628,817,3
1366,43,45518,695,5
1367,46,44045,593,5
1368,41,70876,648,1
1369,42,112446,446,5
1370,27,110102,366,5
1371,34,71919,819,2
1372,35,119441,421,2
1373,27,47103,639,2
1374,29,138805,474,0
1375,28,56188,750,5
1376,43,25845,435,5
1377,49,106698,315,5
1378,38,56674,632,4
1379,51,138325,494,2
1380,50,39337,795,3
1381,59,42313,308,1
1382,55,46943,633,3
1383,38,97949,632,0
1384,62,20276,626,0
1385,59,71151,314,5
1386,37,37611,525,3
1387,34,124641,724,5
1388,51,31944,707,4
1389,44,72887,412,0
1390,55,101442,727,0
1391,64,69847,300,3
1392,54,78653,565,0
1393,23,106072,790,4
1394,57,142589,507,4
1395,63,76622,668,4
1396,60,47810,605,1
1397,46,97842,311,4
1398,43,142225,644,4
1399,64,30503,764,1
1400,59,104761,793,5
1401,35,56976,667,2
1402,24,146439,719,0
1403,49,31590,470,4
1404,42,143421,433,0
1405,45,30886,726,3
1406,33,32866,324,0
1407,38,86624,829,5
1408,53,88899,489,1
1409,36,52792,440,0
1410,62,29764,614,0
1411,64,140832,743,0
1412,22,145838,618,2
1413,55,140356,740,2
1414,62,106156,391,3
1415,54,62727,478,1
1416,50,98471,355,0
1417,33,28068,454,0
1418,33,136923,410,0
1419,38,27295,436,0
1420,52,61160,531,2
1421,52,31390,767,5
1422,55,126752,780,5
1423,59,40131,367,3
1424,49,114754,548,4
1425,49,95969,622,1
1426,64,35038,817,5
1427,36,72327,731,0
1428,64,113718,786,5
1429,30,97064,728,3
1430,50,41281,568,4
1431,45,74189,836,5
1432,59,68511,447,3
1433,40,142115,417,2
1434,25,28605,666,4
1435,21,120318,365,3
1436,50,21381,669,5
1437,23,86634,474,2
1438,34,39810,794,3
1439,50,138343,413,3
1440,24,44322,410,5
1441,38,61869,738,4
1442,57,52955,446,2
1443,45,81388,334,0
1444,21,130252,608,1
1445,35,30207,837,4
1446,29,107329,313,2
1447,35,87628,673,3
1448,44,48220,727,2
1449,24,104050,532,1
1450,32,123546,739,5
1451,57,94085,801,1
1452,57,42031,574,0
1453,63,90721,375,0
1454,26,100807,738,1
1455,59,91312,588,4
1456,44,79766,839,4
1457,31,32449,552,3
1458,33,109833,425,0
1459,54,76699,476,3
1460,45,126127,336,0
1461,27,101253,709,1
1462,24,125659,426,4
1463,28,124769,782,4
1464,40,131041,467,1
1465,49,136185,593,3
1466,30,66092,642,3
1467,63,83671,609,2
1468,54,30350,827,0
1469,46,116158,839,3
1470,61,120859,718,1
1471,23,140097,743,3
1472,26,145222,535,4
1473,25,88487,738,0
1474,25,37622,513,5
1475,43,143853,384,2
1476,29,90263,384,0
1477,55,73117,788,4
1478,40,123990,364,4
1479,62,78394,363,4
1480,55,122005,642,4
1481,38,121084,651,1
1482,37,43782,457,2
1483,44,136276,790,5
1484,23,48454,762,4
1485,52,87904,524,4
1486,55,149936,612,3
1487,58,35592,765,2
1488,33,42173,387,0
1489,45,53204,602,2
1490,29,55596,734,2
1491,24,54324,434,5
1492,34,142258,349,2
1493,57,131668,731,5
1494,54,81202,639,4
1495,31,109400,646,4
1496,61,144184,646,1
1497,23,133365,544,5
1498,48,50750,408,5
1499,49,96112,832,0
1500,29,36566,389,3
1501,23,27190,595,2
1502,45,108607,411,0
1503,54,58333,476,5
1504,32,141929,642,0
1505,62,100905,400,1
1506,29,109571,700,3
1507,35,140263,327,5
1508,60,21589,836,5
1509,45,144467,357,2
1510,25,45235,797,3
1511,31,20159,596,1
1512,54,32145,433,4
1513,44,100909,630,0
1514,35,51921,548,2
1515,58,124859,849,5
1516,28,36237,374,4
1517,25,127507,467,1
1518,46,28244,802,3
1519,38,34743,654,0
1520,26,117102,524,2
1521,57,66101,830,5
1522,33,131645,445,5
1523,48,141534,540,4
1524,25,104227,643,4
1525,33,119532,334,0
1526,37,76378,300,3
1527,60,91126,452,1
1528,52,76071,728,3
1529,49,91121,807,3
1530,23,94763,425,3
1531,60,113814,790,0
1532,54,124350,781,0
1533,60,32237,644,1
1534,47,35649,520,3
1535,33,57713,324,0
1536,53,93463,827,1
1537,26,65409,481,5
1538,44,68766,798,1
1539,39,66154,341,3
1540,36,27016,780,2
1541,60,99563,738,3
1542,48,68688,701,2
1543,53,109678,845,1
1544,61,132056,644,5
1545,33,74238,344,5
1546,63,78608,320,0
1547,45,109081,369,5
1548,62,136572,347,4
1549,56,51897,790,1
1550,47,70961,850,0
1551,58,88703,586,5
1552,27,64757,309,1
1553,25,46917,841,3
1554,63,42736,573,5
1555,51,47990,680,2
1556,43,82551,628,1
1557,62,78161,778,0
1558,30,99623,314,3
1559,52,42440,815,4
1560,63,55205,490,3
1561,50,141156,467,5
1562,59,100811,820,2
1563,51,143768,436,3
1564,38,75103,453,4
1565,56,90812,687,0
1566,22,61627,508,1
1567,34,126122,571,2
1568,33,123032,442,4
1569,49,39008,368,5
1570,32,91274,546,5
1571,59,52402,560,5
1572,22,73384,378,2
1573,52,148922,824,3
1574,33,25793,629,2
1575,47,122827,488,5
1576,61,25571,394,4
1577,37,116867,307,1
1578,60,36209,366,1
1579,51,133550,795,2
1580,54,110930,490,5
1581,44,63148,665,0
1582,55,111218,820,2
1583,26,22224,416,5
1584,39,126693,566,3
1585,50,145551,784,1
1586,27,68695,808,1
1587,30,140779,597,1
1588,61,149714,463,0
1589,52,129988,675,5
1590,54,128944,567,5
1591,48,52441,848,5
1592,35,126966,373,5
1593,50,59129,807,0
1594,57,120252,372,4
1595,49,82368,607,2
1596,42,130395,498,2
1597,24,112122,429,5
1598,40,64760,786,3
1599,52,149655,450,1
1600,56,43478,505,0
1601,24,147881,478,3
1602,47,91854,496,3
1603,37,114230,388,5
1604,32,105716,733,0
1605,42,32180,482,2
1606,37,118538,508,1
1607,30,35372,792,2
1608,21,49796,429,3
1609,42,78272,312,1
1610,46,138295,405,4
1611,38,109963,674,3
1612,34,118826,398,2
1613,49,140592,491,2
1614,32,113635,624,5
1615,56,131022,766,2
1616,55,74040,666,0
1617,32,95357,617,3
1618,27,91368,443,1
1619,49,98356,683,2
1620,31,36211,515,5
1621,53,125426,660,5
1622,26,25842,623,2
1623,35,83115,314,0
1624,52,86852,516,5
1625,31,145737,791,1
1626,43,65968,846,3
1627,46,37508,482,4
1628,54,42005,569,0
1629,54,74575,766,5
1630,49,100742,818,3
1631,24,38971,841,4
1632,37,45599,766,2
1633,55,107592,604,2
1634,33,86914,443,1
1635,61,138062,410,4
1636,59,87055,531,2
1637,35,107697,799,2
1638,49,126239,572,5
1639,49,124397,472,1
1640,31,143106,306,3
1641,52,25355,454,2
1642,22,74120,821,0
1643,34,94619,845,0
1644,40,58342,847,3
1645,42,105992,817,4
1646,31,98860,514,1
1647,47,22257,433,5
1648,23,47364,584,0
1649,37,44972,425,0
1650,64,131715,738,3
1651,48,46654,451,4
1652,49,100769,630,4
1653,41,101423,837,3
1654,36,49320,682,0
1655,57,40808,414,1
1656,40,72389,781,0
1657,26,115690,583,4
1658,39,138581,374,5
1659,25,147927,465,0
1660,23,54773,488,1
1661,21,71168,377,2
1662,58,47747,320,0
1663,35,96396,483,3
1664,54,128374,521,2
1665,55,127692,627,3
1666,45,103692,478,3
1667,44,77505,411,3
1668,32,105896,358,0
1669,38,38135,626,4
1670,35,110887,490,2
1671,64,142118,499,1
1672,36,116035,611,4
1673,47,67377,334,0
1674,28,43554,678,3
1675,45,82491,686,1
1676,37,75621,536,2
1677,49,134667,818,4
1678,28,78283,582,5
1679,35,105140,300,4
1680,47,36923,763,1
1681,27,67591,529,0
1682,23,82261,471,2
1683,49,136149,386,1
1684,64,74336,422,3
1685,44,94083,597,2
1686,23,80948,783,4
1687,40,129819,464,1
1688,35,53002,682,4
1689,45,100098,508,4
1690,50,136236,731,4
1691,34,93016,688,0
1692,27,46672,523,4
1693,37,24213,302,3
1694,64,30293,671,3
1695,40,119977,745,2
1696,56,75860,415,5
1697,29,82507,569,4
1698,58,77134,746,4
1699,42,22100,667,1
1700,22,130153,552,0
1701,44,81997,616,5
1702,28,48172,714,2
1703,31,40132,394,5
1704,33,137861,323,4
1705,37,38199,349,1
1706,28,56609,801,0
1707,41,62965,797,2
1708,38,28016,634,5
1709,50,59779,378,2
1710,38,122797,326,4
1711,51,51881,570,2
1712,58,102594,546,1
1713,52,44472,686,2
1714,31,126882,660,3
1715,45,120462,787,1
1716,53,71813,651,5
1717,58,120368,555,0
1718,61,146731,521,0
1719,28,56021,300,4
1720,31,74131,845,4
1721,42,44087,745,3
1722,44,32828,378,5
1723,61,81610,535,0
1724,37,116664,633,0
1725,32,143619,648,0
1726,52,21401,397,0
1727,35,105179,381,2
1728,36,35193,801,5
1729,42,112389,776,1
1730,48,64864,849,1
1731,40,40307,313,3
1732,53,122518,691,2
1733,30,39611,646,0
1734,60,63791,609,0
1735,52,31950,685,4
1736,53,96240,508,4
1737,22,128647,656,3
1738,53,97403,393,0
1739,53,22745,392,3
1740,61,75243,639,2
1741,33,23866,744,1
1742,50,52245,321,0
1743,53,64724,590,5
1744,33,148681,784,2
1745,46,91354,605,0
1746,42,71374,427,5
1747,59,134397,572,4
1748,22,137480,741,3
1749,58,144577,802,4
1750,59,50116,429,1
1751,46,101029,431,4
1752,35,113574,781,0
1753,54,40447,689,5
1754,62,50431,624,4
1755,64,37908,368,0
1756,60,49336,747,1
1757,31,60992,827,5
1758,23,75350,464,4
1759,26,89561,787,3
1760,29,137254,725,3
1761,26,71955,564,5
1762,29,81240,641,3
1763,59,40093,577,4
1764,51,26155,738,4
1765,52,66607,456,5
1766,61,53487,721,4
1767,32,133194,550,0
1768,28,75668,829,1
1769,28,40963,626,3
1770,48,70124,396,0
1771,40,72870,812,5
1772,27,76547,515,3
1773,31,84110,431,0
1774,40,73554,559,4
1775,36,40936,424,5
1776,24,136895,381,5
1777,26,24426,582,3
1778,42,108839,358,4
1779,46,130816,843,3
1780,23,47606,460,2
1781,61,67832,583,0
1782,62,48151,405,2
1783,34,99303,404,0
1784,31,31308,738,1
1785,38,129781,527,5
1786,32,82522,617,3
1787,43,143523,763,1
1788,32,65671,771,1
1789,33,110306,355,5
1790,45,114108,312,5
1791,39,126984,739,0
1792,56,22204,317,2
1793,28,112769,412,4
1794,49,107265,528,0
1795,52,51131,470,4
1796,64,72428,594,1
1797,38,53870,488,4
1798,26,123547,725,2
1799,38,124918,378,0
1800,39,69067,481,5
1801,42,78585,798,2
1802,57,127011,370,2
1803,52,132217,547,0
1804,61,41607,445,5
1805,23,44968,595,2
1806,48,118934,769,5
1807,30,31908,805,3
1808,55,46423,492,3
1809,49,129151,367,3
1810,35,94707,793,4
1811,53,98257,351,2
1812,27,146282,662,0
1813,32,81215,773,0
1814,50,75835,820,4
1815,41,69429,730,0
1816,51,102152,597,3
1817,44,128048,734,2
1818,40,58458,497,0
1819,57,66169,427,0
1820,24,27659,831,1
1821,48,80614,710,1
1822,64,128905,364,1
1823,40,97240,540,2
1824,44,52793,668,3
1825,52,133688,835,5
1826,61,66473,683,3
1827,56,116762,730,3
1828,54,109388,382,2
1829,56,117618,585,2
1830,22,108330,833,1
1831,35,126956,758,0
1832,54,138452,511,4
1833,56,75751,425,4
1834,26,146311,712,5
1835,59,98915,798,0
1836,62,74254,724,5
1837,32,27006,842,1
1838,23,138171,457,5
1839,38,136682,411,0
1840,60,94218,701,0
1841,41,85344,421,4
1842,35,53840,572,1
1843,53,52430,593,2
1844,55,43091,697,5
1845,46,146053,770,4
1846,28,52983,506,5
1847,56,43989,409,5
1848,50,95451,739,2
1849,43,128088,577,1
1850,62,38990,781,0
1851,64,110270,413,3
1852,34,100360,776,5
1853,34,139469,620,3
1854,22,56081,478,1
1855,57,31033,518,3
1856,25,128272,827,5
1857,58,36241,791,2
1858,61,144932,360,3
1859,34,142451,353,1
1860,59,25939,837,1
1861,45,133000,364,2
1862,40,67562,470,3
1863,22,55063,572,3
1864,59,140373,834,0
1865,26,120000,690,4
1866,37,96721,626,1
1867,45,47045,407,0
1868,48,136634,461,1
1869,22,64769,751,0
1870,55,67118,505,4
1871,57,104703,315,0
1872,25,121948,626,1
1873,21,41625,301,3
1874,60,124724,309,1
1875,32,148557,733,5
1876,56,47076,424,2
1877,43,142245,380,2
1878,51,84805,784,5
1879,31,64605,449,2
1880,30,104565,639,2
1881,23,108509,428,4
1882,34,59121,737,3
1883,36,85101,800,3
1884,30,51433,357,1
1885,49,63309,497,5
1886,30,87468,510,0
1887,32,64254,344,1
1888,50,87293,396,1
1889,61,116258,578,1
1890,21,57853,834,1
1891,25,58405,709,3
1892,40,86652,760,0
1893,28,63527,690,1
1894,63,97227,343,3
1895,32,20492,326,1
1896,21,113418,396,2
1897,40,28811,847,1
1898,48,113344,518,5
1899,63,44272,484,5
1900,57,113935,368,1
1901,57,92010,429,4
1902,32,112492,633,2
1903,57,67153,453,0
1904,64,128042,846,1
1905,48,74110,378,0
1906,35,33979,712,2
1907,26,130059,845,1
1908,64,128101,468,4
1909,40,48328,814,3
1910,34,132911,613,4
1911,22,32867,331,4
1912,29,79234,586,3
1913,57,45851,342,3
1914,40,51279,300,5
1915,46,137431,569,3
1916,49,116063,479,1
1917,21,93402,817,0
1918,55,35449,402,5
1919,26,96221,309,5
1920,57,109080,389,0
1921,25,25451,525,5
1922,53,107178,425,3
1923,34,61316,508,4
1924,32,83064,396,2
1925,62,83761,373,3
1926,40,125490,490,4
1927,44,58870,355,4
1928,63,116566,331,5
1929,54,143749,826,1
1930,45,143765,583,1
1931,49,144881,793,5
1932,59,50873,486,5
1933,51,148389,797,0
1934,63,78627,741,0
1935,43,86155,429,2
1936,64,119186,591,2
1937,58,45372,413,2
1938,40,23642,498,2
1939,43,149148,312,4
1940,36,48001,570,4
1941,62,54064,514,0
1942,28,114826,743,1
1943,41,34122,811,5
1944,21,44820,746,1
1945,28,88431,373,3
1946,49,75745,836,4
1947,52,70081,400,2
1948,58,90902,475,2
1949,25,28711,726,3
1950,42,105132,416,1
1951,54,38793,465,2
1952,21,28199,340,1
1953,46,96253,728,5
1954,63,56191,643,3
1955,30,30211,723,1
1956,50,131086,665,5
1957,38,83069,419,1
1958,37,108896,528,1
1959,46,76746,429,2
1960,28,41542,651,0
1961,60,51312,617,4
1962,32,65242,636,1
1963,47,121971,572,1
1964,28,113783,416,1
1965,45,145681,667,0
1966,24,107893,393,5
1967,53,75388,467,3
1968,21,126581,640,2
1969,39,47691,451,0
1970,51,97960,573,5
1971,36,104388,795,1
1972,34,42601,400,5
1973,25,138307,381,0
1974,61,38020,828,0
1975,46,28155,372,0
1976,48,89119,313,3
1977,22,101051,732,4
1978,26,56777,456,2
1979,29,39710,431,3
1980,53,128714,637,3
1981,61,44532,703,4
1982,45,148727,675,3
1983,33,38601,406,0
1984,29,83227,564,0
1985,33,24967,504,5
1986,51,104289,378,1
1987,61,40022,454,3
1988,31,63463,546,1
1989,24,94671,830,2
1990,54,25722,837,0
1991,58,47413,453,5
1992,24,112772,453,2
1993,58,101050,391,5
1994,39,129432,732,4
1995,26,122748,637,0
1996,54,125922,779,2
1997,38,105867,430,4
1998,33,103596,749,2
1999,61,86732,572,5
2000,43,32297,476,4
2001,39,88323,348,4
2002,31,43816,654,0
2003,21,144341,607,1
2004,44,60695,345,5
2005,27,39702,601,5
2006,45,45242,707,4
2007,41,75841,488,4
2008,35,148498,428,0
2009,21,87712,836,1
2010,32,105663,565,5
2011,27,127096,417,3
2012,35,112764,763,3
2013,41,73574,443,1
2014,39,105744,741,2
2015,49,48482,499,0
2016,45,29171,456,1
2017,53,120755,786,3
2018,52,118932,433,4
2019,55,128125,447,3
2020,64,126082,635,4
2021,58,23696,370,0
2022,46,146310,532,4
2023,31,40058,633,1
2024,55,40313,389,4
2025,28,39149,633,2
2026,34,73521,498,1
2027,30,65740,460,0
2028,22,126611,837,1
2029,29,24956,420,2
2030,23,95731,600,0
2031,41,102612,735,3
2032,46,137850,367,2
2033,28,86641,758,0
2034,22,83811,813,4
2035,26,72160,697,1
2036,48,71313,585,0
2037,49,83232,439,1
2038,46,35417,581,4
2039,45,44729,756,0
2040,32,132492,386,3
2041,25,50099,378,2
2042,54,138387,504,0
2043,57,118134,636,4
2044,35,49961,553,0
2045,64,32602,603,1
2046,56,138474,679,5
2047,35,29256,429,0
2048,63,106120,575,3
2049,43,132516,482,0
2050,26,54681,567,2
2051,64,111328,621,0
2052,63,107440,811,5
2053,41,84789,377,1
2054,43,63361,638,0
2055,63,84503,808,3
2056,36,54540,537,4
2057,35,46536,433,0
2058,45,104700,491,0
2059,56,83043,655,2
2060,31,98532,577,3
2061,35,76575,317,5
2062,24,147626,823,4
2063,41,22871,479,1
2064,33,66002,422,0
2065,42,69812,545,5
2066,39,42626,672,4
2067,54,79979,350,1
2068,34,96057,370,5
2069,24,146834,779,3
2070,47,128946,318,3
2071,49,86668,383,4
2072,48,119003,454,1
2073,55,100070,656,3
2074,28,109390,742,4
2075,36,62998,368,3
2076,62,83814,822,3
2077,56,124601,442,5
2078,50,65607,491,5
2079,38,27812,686,3
2080,22,81844,677,2
2081,33,90093,834,5
2082,24,22179,592,1
2083,46,63798,308,4
2084,45,94601,570,4
2085,50,28275,686,1
2086,31,70574,392,1
2087,27,67857,828,1
2088,51,145555,453,1
2089,64,121484,704,0
2090,30,40700,448,4
2091,59,146855,566,0
2092,33,59464,721,3
2093,51,62351,771,3
2094,27,113330,846,4
2095,62,114319,825,3
2096,62,102534,802,1
2097,56,33869,313,0
2098,40,80315,663,1
2099,24,130061,418,3
2100,27,113688,537,5
2101,21,40954,845,0
2102,64,51555,468,1
2103,62,83353,821,4
2104,33,102190,815,1
2105,42,65026,696,5
2106,41,120772,405,3
2107,42,66976,384,0
2108,48,100578,513,4
2109,29,111502,420,0
2110,46,133943,431,4
2111,29,129850,496,0
2112,35,65095,318,3
2113,30,34270,311,4
2114,44,50908,380,2
2115,62,35523,629,0
2116,28,82433,691,0
2117,44,67068,606,1
2118,36,39991,566,4
2119,46,30775,746,5
2120,47,97801,740,2
2121,57,104995,301,3
2122,24,81250,819,1
2123,44,36673,608,2
2124,39,142808,821,4
2125,56,47056,768,2
2126,59,26614,511,0
2127,30,121556,411,0
2128,45,27415,307,1
2129,38,108691,776,4
2130,39,134966,759,4
2131,56,63884,552,2
2132,30,36964,825,1
2133,53,57726,737,4
2134,25,143133,535,5
2135,55,57044,605,5
2136,64,77149,777,0
2137,54,57544,319,2
2138,53,69976,515,3
2139,41,52252,434,0
2140,37,23832,428,1
2141,42,110811,709,4
2142,57,100437,721,0
2143,35,123749,593,3
2144,55,54148,545,3
2145,48,81240,385,5
2146,27,128169,674,1
2147,52,145607,745,0
2148,31,108454,677,2
2149,30,132230,689,0
2150,29,148933,350,5
2151,34,105076,541,3
2152,33,97116,593,1
2153,45,73459,565,1
2154,22,58402,419,2
2155,55,77727,547,1
2156,27,58578,369,5
2157,41,110453,356,5
2158,38,42318,681,5
2159,23,95715,338,1
2160,62,97787,742,1
2161,59,131435,317,5
2162,61,105029,651,1
2163,31,40466,597,1
2164,59,115742,582,3
2165,44,65475,409,0
2166,39,80142,479,4
2167,24,105160,843,1
2168,46,46564,324,4
2169,58,42412,356,4
2170,62,113526,479,3
2171,52,71001,531,1
2172,59,77649,642,5
2173,56,80957,776,4
2174,60,55517,754,1
2175,57,33156,531,2
2176,53,43064,588,5
2177,56,45711,512,2
2178,23,50106,557,2
2179,29,85458,829,4
2180,28,36589,528,2
2181,53,109272,525,3
2182,26,106511,734,3
2183,61,121754,701,4
2184,59,27214,387,1
2185,24,116117,841,0
2186,33,105731,608,1
2187,22,130118,642,1
2188,25,146479,735,1
2189,64,47127,476,1
2190,47,25141,438,5
2191,52,48884,493,0
2192,41,110421,485,5
2193,28,22708,517,2
2194,58,38375,463,1
2195,28,35088,460,3
2196,23,77615,824,4
2197,64,130138,341,4
2198,23,65046,509,5
2199,42,30014,574,5
2200,26,84425,578,3
2201,22,23273,550,1
2202,43,67135,609,0
2203,64,122842,439,2
2204,22,50881,845,4
2205,58,117022,829,2
2206,37,98077,356,0
2207,55,28712,411,5
2208,54,94704,304,4
2209,43,72874,709,2
2210,50,89087,713,5
2211,28,32297,481,0
2212,42,129269,312,2
2213,64,47128,638,1
2214,56,88368,558,5
2215,25,114019,389,0
2216,33,107599,549,2
2217,49,108499,554,1
2218,51,98958,407,1
2219,36,52920,784,0
2220,62,140442,557,3
2221,50,31156,581,4
2222,36,31108,387,0
2223,32,51845,503,1
2224,37,22800,315,1
2225,36,148832,450,0
2226,32,123614,553,3
2227,28,62712,487,4
2228,40,22610,628,2
2229,23,97603,843,0
2230,36,53872,696,4
2231,50,30728,816,4
2232,43,115102,758,5
2233,48,115319,629,1
2234,60,142049,468,2
2235,25,40583,665,0
2236,40,105774,477,1
2237,60,27263,661,5
2238,64,146374,339,5
2239,21,87450,715,1
2240,50,109285,654,3
2241,41,39456,554,4
2242,40,111118,442,0
2243,26,85942,310,0
2244,42,33689,325,0
2245,38,52934,720,1
2246,28,53276,520,3
2247,59,136349,795,2
2248,52,149336,536,5
2249,53,121968,536,1
2250,36,39873,518,2
2251,32,33050,786,5
2252,58,86216,760,5
2253,54,104444,443,3
2254,34,104040,488,4
2255,56,41644,554,0
2256,53,82021,367,2
2257,43,57125,635,1
2258,22,86899,708,2
2259,61,62291,599,4
2260,41,55060,656,0
2261,22,21538,555,2
2262,47,56176,652,4
2263,29,142430,820,1
2264,21,61520,823,3
2265,31,45675,583,5
2266,23,38287,611,1
2267,43,20174,398,0
2268,46,112268,496,5
2269,24,54998,781,1
2270,38,122591,525,1
2271,26,73312,664,1
2272,55,32112,667,1
2273,42,125410,374,5
2274,63,95225,341,0
2275,35,64814,721,4
2276,42,105091,480,2
2277,57,70719,844,3
2278,62,149887,370,2
2279,32,53919,404,2
2280,62,93155,499,3
2281,58,91569,400,5
2282,38,61328,606,0
2283,55,90482,676,3
2284,50,44618,698,0
2285,44,54675,520,5
2286,62,121794,481,2
2287,50,38919,606,0
2288,34,24173,821,5
2289,26,129369,695,5
2290,23,46400,303,4
2291,36,70445,580,3
2292,27,90305,514,4
2293,34,57564,719,2
2294,29,65814,400,3
2295,35,99747,820,2
2296,41,108791,608,4
2297,55,47962,809,5
2298,22,104892,362,2
2299,47,105842,525,3
2300,22,90533,404,3
2301,55,76184,724,2
2302,38,102912,554,3
2303,34,126416,728,5
2304,40,123591,733,5
2305,38,30578,506,3
2306,30,38624,327,2
2307,45,136164,635,4
2308,22,59194,368,3
2309,45,129903,812,3
2310,53,20389,466,3
2311,56,119303,667,3
2312,51,131116,550,2
2313,34,133903,469,4
2314,21,87391,389,4
2315,36,126429,745,0
2316,23,33794,593,3
2317,55,78002,449,3
2318,61,55531,431,0
2319,26,72815,732,4
2320,45,24986,358,1
2321,33,52298,498,5
2322,54,21481,514,1
2323,28,76408,771,4
2324,41,89267,546,3
2325,54,141950,681,1
2326,24,36835,538,2
2327,45,145355,666,2
2328,35,47798,467,0
2329,24,111649,350,4
2330,32,84887,679,4
2331,52,39477,773,1
2332,52,37266,379,3
2333,48,106328,666,4
2334,33,105988,760,1
2335,51,147815,838,1
2336,34,63526,751,5
2337,40,137965,763,5
2338,38,134615,777,4
2339,49,126870,719,1
2340,26,147426,513,0
2341,52,31889,668,0
2342,49,44335,413,5
2343,63,31254,802,4
2344,22,106610,610,3
2345,43,31442,768,0
2346,39,66289,343,0
2347,51,73747,714,5
2348,25,57327,545,5
2349,39,36199,383,4
2350,54,92827,506,5
2351,30,126464,450,2
2352,45,20112,827,1
2353,22,107051,464,0
2354,31,39581,444,2
2355,51,134228,336,3
2356,35,79722,632,2
2357,29,112036,702,4
2358,43,117562,713,3
2359,39,36523,344,3
2360,29,86960,701,5
2361,55,137637,505,2
2362,41,39552,361,4
2363,29,143396,719,0
2364,48,30808,767,5
2365,27,124347,318,2
2366,36,92525,664,0
2367,36,43620,599,2
2368,53,124565,306,5
2369,24,20887,727,0
2370,24,51802,416,5
2371,59,105024,806,2
2372,60,115549,845,3
2373,37,134737,624,1
2374,57,138639,354,3
2375,59,138248,341,5
2376,49,101938,596,5
2377,56,106741,530,5
2378,58,141028,752,0
2379,59,142746,693,4
2380,57,46049,821,5
2381,55,97789,657,3
2382,27,104526,743,1
2383,47,27846,427,5
2384,48,110563,704,5
2385,42,124736,691,5
2386,34,66220,492,0
2387,27,66163,377,5
2388,57,23765,384,3
2389,42,137126,329,2
2390,25,101486,348,4
2391,22,65270,444,5
2392,47,95277,368,0
2393,41,108278,357,3
2394,58,146354,778,5
2395,35,110239,744,0
2396,41,124245,595,2
2397,30,142332,470,1
2398,43,123159,446,5
2399,59,42931,783,3
2400,25,109116,605,0
2401,21,140599,745,0
2402,33,75633,520,5
2403,41,100702,677,0
2404,46,71913,565,1
2405,41,139144,394,0
2406,38,114776,561,4
2407,57,45991,370,4
2408,52,141049,518,0
2409,56,74845,832,5
2410,37,124092,391,4
2411,55,118505,426,3
2412,31,75312,379,4
2413,41,30561,537,0
2414,46,36901,671,5
2415,24,126041,785,2
2416,54,115556,324,5
2417,38,82875,455,5
2418,60,45917,816,5
2419,55,82120,829,3
2420,61,21988,356,1
2421,49,133745,318,0
2422,49,130041,683,1
2423,58,148467,492,2
2424,62,147400,536,1
2425,41,34256,686,0
2426,62,138490,725,0
2427,33,107728,576,2
2428,61,146155,526,0
2429,37,48230,622,2
2430,29,125466,452,2
2431,61,79778,536,0
2432,21,65833,354,4
2433,22,42625,735,2
2434,49,52088,408,0
2435,53,99650,483,4
2436,30,61167,667,2
2437,60,123937,497,4
2438,41,91291,670,3
2439,48,85303,672,5
2440,31,96361,796,3
2441,54,108229,500,4
2442,28,24117,808,2
2443,42,110265,621,0
2444,28,148938,574,1
2445,35,117718,510,0
2446,37,80710,803,1
2447,43,114426,417,1
2448,44,114876,341,2
2449,39,87054,614,4
2450,25,50949,628,0
2451,52,42547,316,4
2452,64,101882,582,3
2453,21,88136,557,2
2454,43,131541,318,2
2455,57,136883,828,3
2456,28,84619,722,0
2457,33,81842,765,5
2458,28,114803,672,3
2459,43,121858,380,0
2460,63,46990,850,1
2461,21,36193,847,2
2462,44,50109,723,0
2463,55,39233,728,4
2464,44,133557,687,4
2465,37,101730,503,2
2466,25,148133,495,3
2467,40,54510,584,5
2468,41,21306,495,3
2469,60,23849,606,0
2470,51,32360,313,3
2471,56,131072,445,2
2472,31,142207,356,0
2473,35,114767,509,1
2474,39,65800,828,3
2475,27,148442,643,3
2476,48,56963,578,5
2477,63,74330,508,0
2478,25,71707,634,4
2479,25,38689,587,3
2480,50,49084,551,2
2481,52,60387,564,3
2482,28,94816,570,5
2483,30,22642,718,1
2484,58,62137,510,5
2485,52,99832,664,3
2486,48,75561,375,4
2487,37,82260,620,3
2488,51,35438,732,0
2489,28,68442,408,3
2490,60,123061,821,4
2491,45,22994,346,0
2492,29,143439,678,2
2493,22,145844,395,0
2494,35,133530,402,5
2495,23,119575,445,1
2496,56,21813,326,5
2497,24,113027,829,0
2498,34,143489,381,2
2499,61,104381,727,3
2500,61,138808,778,0
